feature,importance,importance_pct
reorder_lvl,0.9169579833418384,91.7
rolling_mean_14,0.05279841549486862,5.28
rolling_mean_7,0.008388503782304931,0.84
day_of_month,0.0019808895919194453,0.2
rolling_std_14,0.0017093161879800011,0.17
demand_cv_7,0.0010370281503006605,0.1
rolling_std_7,0.0009690695950430909,0.1
opening,0.0008846079369050386,0.09
rolling_mean_3,0.0008329238820134561,0.08
temp_c,0.0008128542459805535,0.08
week_of_year,0.0007103062914943737,0.07
inventory_gap,0.0006405614804821155,0.06
lag_7,0.0006147325818429542,0.06
lag_14,0.0005788784206040361,0.06
avg_selling_price,0.0005672058480087189,0.06
shelf_life_days,0.000540578323068141,0.05
lag_3,0.0005273950226651627,0.05
sold,0.0005225754965946507,0.05
category_Snacks,0.00043741120741015455,0.04
sub_category_Biscuits,0.0004324719571765973,0.04
sparse_history_flag,0.0004028210113664035,0.04
brand_NutriBite,0.0003879651811240504,0.04
inventory_ratio,0.00037981351151545326,0.04
demand_change_7d,0.00037755791592178274,0.04
sales_history_days,0.00037692122525599973,0.04
rain_mm,0.00034734047202294934,0.03
closing,0.0003363752133675421,0.03
lag_1,0.00032096768154716036,0.03
daily_units_sold,0.0003131516988087501,0.03
lag_2,0.0002980708493421518,0.03
demand_change_1d,0.000274071769366693,0.03
category_Beverages,0.00026032216672308695,0.03
cost_price,0.00021611005076165482,0.02
lead_days,0.00021032747459609472,0.02
product_id_P401,0.0001964143522780687,0.02
product_id_P404,0.00018988287609283976,0.02
sub_category_Nuts,0.00018679915696221365,0.02
day_of_week,0.00018043149760616392,0.02
month,0.00017507379745141524,0.02
brand_Crunchy,0.00017434138339244093,0.02
brand_Crispo,0.0001578036530346347,0.02
mrp,0.00015615744842802242,0.02
sub_category_Chips,0.00013360052299286827,0.01
store_type_Supermarket,9.15438745382064e-05,0.01
product_id_P402,8.78610435084731e-05,0.01
sub_category_Water Bottle,7.440769623272006e-05,0.01
avg_daily_customers,6.959278202279454e-05,0.01
category_Personal Care,6.814894475449843e-05,0.01
product_id_P403,6.719183033109079e-05,0.01
brand_PureDrop,6.400742589441687e-05,0.01
promotion_lag_7,6.361068694919467e-05,0.01
floor_area_sqft,6.333879968173828e-05,0.01
received,6.262984999924858e-05,0.01
brand_SweetBar,6.078127896978645e-05,0.01
sub_category_Chocolate,5.895480076560481e-05,0.01
category_Household,4.116901796585929e-05,0.0
promotion_lag_1,4.031394327482054e-05,0.0
city_Salem,3.9969591014952666e-05,0.0
avg_discount_pct,3.569033245112301e-05,0.0
price_discount_ratio,3.55146243178837e-05,0.0
store_id_S04,3.432328336202074e-05,0.0
store_id_S03,3.4071586173192375e-05,0.0
product_id_P304,3.365410212970085e-05,0.0
store_id_S01,3.222979633719877e-05,0.0
city_Coimbatore,3.1585421660999414e-05,0.0
store_type_Express,3.13212755978473e-05,0.0
region_South,3.0926259247448583e-05,0.0
region_Central,3.004767292376777e-05,0.0
category_Dairy,2.9694973603357847e-05,0.0
promotion_flag,2.8897138124600277e-05,0.0
city_Madurai,2.82326473182746e-05,0.0
region_West,2.818819627661529e-05,0.0
brand_Aavin,2.6397473270494834e-05,0.0
is_weekend,2.6248385248707508e-05,0.0
weekend,2.595470309504256e-05,0.0
product_id_P101,2.504394988516936e-05,0.0
brand_SoftTouch,2.4107781538507672e-05,0.0
brand_CleanMax,2.3888744165497005e-05,0.0
product_id_P502,2.1448229713585717e-05,0.0
sub_category_Tissue,2.134691518416994e-05,0.0
sub_category_Cheese,2.1088264831686426e-05,0.0
sub_category_Dishwash,2.1058969675877605e-05,0.0
sub_category_Milk,2.0626787916919903e-05,0.0
brand_FreshSip,2.033755223611844e-05,0.0
product_id_P102,1.95604626694201e-05,0.0
sub_category_Juice,1.9424741358130876e-05,0.0
city_Chennai,1.7341503995915e-05,0.0
store_type_Hypermarket,1.6481774100169985e-05,0.0
region_North,1.579591317873928e-05,0.0
product_id_P302,1.565459775286065e-05,0.0
product_id_P104,1.5373450063835162e-05,0.0
product_id_P503,1.481485910133169e-05,0.0
sub_category_Soft Drink,1.415954320396012e-05,0.0
store_id_S02,1.284658645390683e-05,0.0
product_id_P301,1.2575157393922454e-05,0.0
sub_category_Face Wash,1.0596260404902141e-05,0.0
sub_category_Curd,1.0111391407500729e-05,0.0
product_id_P303,9.924445817986193e-06,0.0
brand_Unknown,9.595460917805244e-06,0.0
product_id_P201,9.417511165760264e-06,0.0
is_month_start,9.379021866763001e-06,0.0
brand_MilkyMist,8.886316906681879e-06,0.0
product_id_P204,8.267222887283107e-06,0.0
product_id_P501,7.969035300464925e-06,0.0
brand_FizzUp,6.67732131758273e-06,0.0
product_id_P103,6.630110701647436e-06,0.0
sub_category_Shampoo,5.689017202113802e-06,0.0
rain_was_missing,5.574975157170525e-06,0.0
brand_GlowCare,5.202753981110054e-06,0.0
sub_category_Energy Drink,4.989115828446216e-06,0.0
sub_category_Ice Cream,4.240962053625144e-06,0.0
is_month_end,4.18481146776946e-06,0.0
sub_category_Butter,3.1134531654077157e-06,0.0
brand_FreshLife,2.944267186168369e-06,0.0
product_id_P202,2.740192098328491e-06,0.0
temp_was_missing,2.60320361084165e-06,0.0
product_id_P601,2.4104641711906428e-06,0.0
brand_Frosty,2.31280218697926e-06,0.0
product_id_P203,2.273588307299981e-06,0.0
brand_VoltMax,2.0130479634756476e-06,0.0
category_Frozen,1.7835039609387064e-06,0.0
sub_category_Toothpaste,1.560903735105713e-06,0.0
brand_DentPro,1.5226577939013887e-06,0.0
sub_category_Soap,1.1104097212858522e-06,0.0
sub_category_Detergent,7.708017934935848e-07,0.0
local_event,0.0,0.0
festival,0.0,0.0
holiday,0.0,0.0
year,0.0,0.0
