date,city,temp_c,rain_mm,holiday,festival,weekend,local_event
2026-07-01,Coimbatore,28.1,1.2,0,0,0,0
2026-07-01,Chennai,30.5,2.6,0,0,0,0
2026-07-01,Madurai,32.2,4.4,0,0,0,0
2026-07-01,Salem,28.0,0.4,0,0,0,0
2026-07-02,Coimbatore,27.7,0.0,0,0,0,0
2026-07-02,Chennai,32.3,0.0,0,0,0,0
2026-07-02,Madurai,29.5,0.0,0,0,0,0
2026-07-02,Salem,27.8,3.7,0,0,0,0
2026-07-03,Coimbatore,26.8,1.9,0,0,0,0
2026-07-03,Chennai,30.7,5.2,0,0,0,0
2026-07-03,Madurai,29.7,11.0,0,0,0,0
2026-07-03,Salem,27.8,1.6,0,0,0,0
2026-07-04,Coimbatore,28.0,2.8,0,0,1,0
2026-07-04,Chennai,32.4,3.1,0,0,1,0
2026-07-04,Madurai,30.1,1.6,0,0,1,0
2026-07-04,Salem,27.6,0.0,0,0,1,0
2026-07-05,Coimbatore,27.4,1.2,0,0,1,0
2026-07-05,Chennai,,5.7,0,0,1,0
2026-07-05,Madurai,29.3,0.0,0,0,1,0
2026-07-05,Salem,29.2,0.7,0,0,1,0
2026-07-06,Coimbatore,27.8,7.5,0,0,0,0
2026-07-06,Chennai,30.0,1.4,0,0,0,0
2026-07-06,Madurai,30.4,8.7,0,0,0,0
2026-07-06,Salem,31.4,0.0,0,0,0,0
2026-07-07,Coimbatore,27.1,0.9,0,0,0,0
2026-07-07,Chennai,31.9,1.7,0,0,0,0
2026-07-07,Madurai,31.5,0.4,0,0,0,0
2026-07-07,Salem,27.8,0.6,0,0,0,0
2026-07-08,Coimbatore,27.9,2.6,0,0,0,0
2026-07-08,Chennai,32.4,2.1,0,0,0,0
2026-07-08,Madurai,29.3,0.8,0,0,0,0
2026-07-08,Salem,29.3,0.9,0,0,0,0
2026-07-09,Coimbatore,27.0,1.0,0,0,0,0
2026-07-09,Chennai,30.6,0.9,0,0,0,0
2026-07-09,Madurai,29.9,2.9,0,0,0,0
2026-07-09,Salem,27.1,0.0,0,0,0,0
2026-07-10,Coimbatore,27.1,1.9,0,0,0,0
2026-07-10,Chennai,30.7,1.1,0,0,0,0
2026-07-10,Madurai,30.4,2.7,0,0,0,0
2026-07-10,Salem,28.1,6.3,0,0,0,0
2026-07-11,Coimbatore,27.9,1.4,0,0,1,0
2026-07-11,Chennai,31.8,,0,0,1,0
2026-07-11,Madurai,31.1,10.7,0,0,1,0
2026-07-11,Salem,26.6,2.3,0,0,1,0
2026-07-12,Coimbatore,26.4,3.6,0,0,1,0
2026-07-12,Chennai,30.5,0.4,0,0,1,0
2026-07-12,Madurai,30.9,6.3,0,0,1,0
2026-07-12,Salem,26.7,0.7,0,0,1,0
2026-07-13,Coimbatore,28.6,7.2,0,0,0,0
2026-07-13,Chennai,30.6,2.4,0,0,0,0
2026-07-13,Madurai,30.8,2.3,0,0,0,0
2026-07-13,Salem,29.3,2.5,0,0,0,0
2026-07-14,Coimbatore,26.9,2.1,0,0,0,0
2026-07-14,Chennai,30.4,0.0,0,0,0,0
2026-07-14,Madurai,31.3,0.0,0,0,0,0
2026-07-14,Salem,27.5,5.3,0,0,0,0
2026-07-15,Coimbatore,28.2,0.0,0,0,0,0
2026-07-15,Chennai,32.0,0.0,0,0,0,0
2026-07-15,Madurai,30.0,4.9,0,0,0,0
2026-07-15,Salem,28.6,1.6,0,0,0,0
2026-07-16,Coimbatore,29.5,0.0,0,0,0,0
2026-07-16,Chennai,32.0,0.0,0,0,0,0
2026-07-16,Madurai,31.5,1.3,0,0,0,0
2026-07-16,Salem,,0.0,0,0,0,0
2026-07-17,Coimbatore,26.7,0.0,0,0,0,0
2026-07-17,Chennai,31.7,2.1,0,0,0,0
2026-07-17,Madurai,31.6,2.3,0,0,0,0
2026-07-17,Salem,28.4,1.8,0,0,0,0
2026-07-18,Coimbatore,27.3,5.9,0,0,1,0
2026-07-18,Chennai,31.1,0.3,0,0,1,0
2026-07-18,Madurai,31.7,2.5,0,0,1,0
2026-07-18,Salem,30.1,6.5,0,0,1,0
2026-07-19,Coimbatore,28.9,0.0,0,0,1,0
2026-07-19,Chennai,32.2,0.0,0,0,1,0
2026-07-19,Madurai,32.1,0.7,0,0,1,0
2026-07-19,Salem,29.3,7.5,0,0,1,0
2026-07-20,Coimbatore,29.1,3.5,0,0,0,0
2026-07-20,Chennai,31.7,1.7,0,0,0,0
2026-07-20,Madurai,31.3,4.7,0,0,0,0
2026-07-20,Salem,31.0,0.2,0,0,0,0
2026-07-21,Coimbatore,28.4,1.3,0,0,0,0
2026-07-21,Chennai,32.5,9.5,0,0,0,0
2026-07-21,Madurai,31.8,0.2,0,0,0,0
2026-07-21,Salem,31.2,7.0,0,0,0,0
2026-07-22,Coimbatore,31.6,5.7,0,0,0,0
2026-07-22,Chennai,32.7,0.0,0,0,0,0
2026-07-22,Madurai,32.9,4.4,0,0,0,0
2026-07-22,Salem,30.5,0.0,0,0,0,0
2026-07-23,Coimbatore,29.5,0.0,0,0,0,0
2026-07-23,Chennai,35.3,7.3,0,0,0,0
2026-07-23,Madurai,34.2,0.0,0,0,0,0
2026-07-23,Salem,31.1,5.1,0,0,0,0
2026-07-24,Coimbatore,30.1,0.3,0,0,0,0
2026-07-24,Chennai,34.6,2.0,0,0,0,0
2026-07-24,Madurai,34.5,0.0,0,0,0,0
2026-07-24,Salem,31.6,1.8,0,0,0,0
2026-07-25,Coimbatore,30.4,1.1,0,0,1,0
2026-07-25,Chennai,33.7,0.0,0,0,1,0
2026-07-25,Madurai,34.1,1.9,0,0,1,0
2026-07-25,Salem,32.0,2.8,0,0,1,0
2026-07-26,Coimbatore,30.3,1.3,0,0,1,0
2026-07-26,Chennai,35.5,8.4,0,0,1,0
2026-07-26,Madurai,34.7,1.4,0,0,1,0
2026-07-26,Salem,32.2,0.3,0,0,1,0
2026-07-27,Coimbatore,30.6,3.6,0,0,0,0
2026-07-27,Chennai,32.7,0.5,0,0,0,0
2026-07-27,Madurai,34.7,4.5,0,0,0,0
2026-07-27,Salem,30.8,1.6,0,0,0,0
2026-07-28,Coimbatore,31.6,1.2,0,0,0,0
2026-07-28,Chennai,35.3,7.5,0,0,0,0
2026-07-28,Madurai,33.9,0.4,0,0,0,0
2026-07-28,Salem,32.2,4.9,0,0,0,0
2026-07-29,Coimbatore,29.3,0.0,0,0,0,0
2026-07-29,Chennai,34.1,7.5,0,0,0,0
2026-07-29,Madurai,34.1,8.3,0,0,0,0
2026-07-29,Salem,31.5,1.6,0,0,0,0
2026-07-30,Coimbatore,31.2,0.0,0,0,0,0
2026-07-30,Chennai,35.4,1.9,0,0,0,0
2026-07-30,Madurai,34.6,0.6,0,0,0,0
2026-07-30,Salem,32.0,1.9,0,0,0,0
2026-07-31,Coimbatore,30.2,14.5,0,0,0,0
2026-07-31,Chennai,35.4,13.4,0,0,0,0
2026-07-31,Madurai,33.2,1.3,0,0,0,0
2026-07-31,Salem,32.9,0.0,0,0,0,0
2026-08-01,Coimbatore,30.4,3.9,0,0,1,0
2026-08-01,Chennai,35.3,11.7,0,0,1,0
2026-08-01,Madurai,35.0,5.7,0,0,1,0
2026-08-01,Salem,,0.8,0,0,1,0
2026-08-02,Coimbatore,29.9,2.6,0,0,1,0
2026-08-02,Chennai,34.9,6.7,0,0,1,0
2026-08-02,Madurai,33.9,2.7,0,0,1,0
2026-08-02,Salem,32.0,1.4,0,0,1,0
2026-08-03,Coimbatore,29.4,0.0,0,0,0,0
2026-08-03,Chennai,35.5,0.0,0,0,0,0
2026-08-03,Madurai,35.2,2.3,0,0,0,0
2026-08-03,Salem,34.0,6.5,0,0,0,0
2026-08-04,Coimbatore,31.0,5.7,0,0,0,0
2026-08-04,Chennai,35.1,3.9,0,0,0,0
2026-08-04,Madurai,35.3,0.6,0,0,0,0
2026-08-04,Salem,31.6,5.8,0,0,0,0
2026-08-05,Coimbatore,29.1,4.9,0,0,0,0
2026-08-05,Chennai,34.7,8.5,0,0,0,0
2026-08-05,Madurai,33.9,5.4,0,0,0,0
2026-08-05,Salem,32.2,0.0,0,0,0,0
2026-08-06,Coimbatore,30.7,1.6,0,0,0,0
2026-08-06,Chennai,35.1,0.0,0,0,0,0
2026-08-06,Madurai,34.4,0.0,0,0,0,0
2026-08-06,Salem,32.2,1.4,0,0,0,0
2026-08-07,Coimbatore,31.5,0.5,0,0,0,0
2026-08-07,Chennai,34.1,0.4,0,0,0,0
2026-08-07,Madurai,32.8,0.0,0,0,0,0
2026-08-07,Salem,31.4,11.9,0,0,0,0
2026-08-08,Coimbatore,30.4,,0,0,1,0
2026-08-08,Chennai,34.3,0.3,0,0,1,0
2026-08-08,Madurai,34.0,0.0,0,0,1,0
2026-08-08,Salem,29.9,8.4,0,0,1,0
2026-08-09,Coimbatore,29.2,2.6,0,0,1,0
2026-08-09,Chennai,34.1,0.0,0,0,1,0
2026-08-09,Madurai,32.3,1.1,0,0,1,0
2026-08-09,Salem,30.6,0.2,0,0,1,0
2026-08-10,Coimbatore,30.9,5.8,0,0,0,0
2026-08-10,Chennai,34.7,1.8,0,0,0,0
2026-08-10,Madurai,32.1,0.6,0,0,0,0
2026-08-10,Salem,32.6,0.0,0,0,0,0
2026-08-11,Coimbatore,28.4,5.2,0,0,0,0
2026-08-11,Chennai,33.4,1.0,0,0,0,0
2026-08-11,Madurai,32.1,0.5,0,0,0,0
2026-08-11,Salem,29.9,0.4,0,0,0,0
2026-08-12,Coimbatore,29.6,0.0,0,0,0,0
2026-08-12,Chennai,33.9,1.4,0,0,0,0
2026-08-12,Madurai,32.0,4.3,0,0,0,0
2026-08-12,Salem,31.1,2.2,0,0,0,0
2026-08-13,Coimbatore,27.6,3.4,0,0,0,0
2026-08-13,Chennai,32.7,0.0,0,0,0,0
2026-08-13,Madurai,30.7,1.7,0,0,0,0
2026-08-13,Salem,28.8,4.5,0,0,0,0
2026-08-14,Coimbatore,29.0,0.0,0,0,0,0
2026-08-14,Chennai,32.9,0.6,0,0,0,0
2026-08-14,Madurai,33.1,0.3,0,0,0,0
2026-08-14,Salem,31.2,4.4,0,0,0,0
2026-08-15,Coimbatore,26.3,0.2,1,0,1,1
2026-08-15,Chennai,32.9,4.8,1,1,1,1
2026-08-15,Madurai,32.1,0.3,0,0,1,0
2026-08-15,Salem,29.5,4.5,0,0,1,0
2026-08-16,Coimbatore,29.4,0.5,0,0,1,0
2026-08-16,Chennai,33.9,0.0,0,0,1,0
2026-08-16,Madurai,31.6,9.4,0,0,1,0
2026-08-16,Salem,30.4,5.1,0,0,1,0
2026-08-17,Coimbatore,,6.3,0,0,0,0
2026-08-17,Chennai,32.8,6.9,0,0,0,0
2026-08-17,Madurai,31.5,2.4,0,0,0,0
2026-08-17,Salem,28.2,0.0,0,0,0,0
2026-08-18,Coimbatore,28.2,0.5,0,0,0,0
2026-08-18,Chennai,31.7,4.7,0,0,0,0
2026-08-18,Madurai,30.8,0.0,0,0,0,0
2026-08-18,Salem,28.7,0.3,0,0,0,0
2026-08-19,Coimbatore,28.7,7.5,0,0,0,0
2026-08-19,Chennai,30.2,2.5,0,0,0,0
2026-08-19,Madurai,29.1,8.4,0,0,0,0
2026-08-19,Salem,29.1,18.2,0,0,0,0
2026-08-20,Coimbatore,27.8,4.2,0,0,0,0
2026-08-20,Chennai,31.9,3.0,0,0,0,0
2026-08-20,Madurai,32.6,7.5,0,0,0,0
2026-08-20,Salem,28.9,1.9,1,0,0,1
2026-08-21,Coimbatore,26.5,1.3,0,0,0,0
2026-08-21,Chennai,34.0,3.4,0,0,0,0
2026-08-21,Madurai,30.3,0.6,0,0,0,0
2026-08-21,Salem,29.3,0.0,0,0,0,0
2026-08-22,Coimbatore,26.0,0.0,0,0,1,0
2026-08-22,Chennai,31.1,1.7,0,0,1,0
2026-08-22,Madurai,30.2,4.1,0,0,1,0
2026-08-22,Salem,28.1,0.0,0,0,1,0
2026-08-23,Coimbatore,27.4,0.3,0,0,1,0
2026-08-23,Chennai,31.4,3.8,0,0,1,0
2026-08-23,Madurai,29.1,5.1,0,0,1,0
2026-08-23,Salem,29.5,0.3,0,0,1,0
2026-08-24,Coimbatore,26.9,1.2,0,0,0,0
2026-08-24,Chennai,31.6,0.0,0,0,0,0
2026-08-24,Madurai,31.9,3.2,0,0,0,0
2026-08-24,Salem,27.3,4.2,0,0,0,0
2026-08-25,Coimbatore,25.9,1.9,0,0,0,0
2026-08-25,Chennai,30.9,0.0,0,0,0,0
2026-08-25,Madurai,30.8,4.6,0,1,0,0
2026-08-25,Salem,27.1,0.7,0,0,0,0
2026-08-26,Coimbatore,28.2,0.2,0,0,0,0
2026-08-26,Chennai,30.1,2.6,0,0,0,0
2026-08-26,Madurai,28.8,0.0,0,0,0,0
2026-08-26,Salem,27.2,0.0,0,0,0,0
2026-08-27,Coimbatore,27.6,6.9,0,0,0,0
2026-08-27,Chennai,28.8,2.2,0,0,0,0
2026-08-27,Madurai,29.9,5.4,0,0,0,0
2026-08-27,Salem,28.0,0.7,0,0,0,0
2026-08-28,Coimbatore,27.0,13.5,0,0,0,0
2026-08-28,Chennai,31.7,2.1,0,0,0,0
2026-08-28,Madurai,29.8,0.0,0,0,0,0
2026-08-28,Salem,28.1,2.2,0,0,0,0
2026-08-29,Coimbatore,26.1,12.9,0,0,1,0
2026-08-29,Chennai,31.3,4.4,0,0,1,0
2026-08-29,Madurai,30.6,2.0,0,0,1,0
2026-08-29,Salem,27.5,1.3,0,0,1,0
2026-08-30,Coimbatore,27.4,0.6,0,0,1,0
2026-08-30,Chennai,30.2,0.6,0,0,1,0
2026-08-30,Madurai,28.4,1.4,0,0,1,0
2026-08-30,Salem,26.6,0.9,0,0,1,0
2026-08-31,Coimbatore,28.4,0.1,0,0,0,0
2026-08-31,Chennai,31.5,0.8,0,0,0,0
2026-08-31,Madurai,29.6,10.7,0,0,0,0
2026-08-31,Salem,28.8,3.4,0,0,0,0
